<odoo>
    <data>

        <record model="ir.rule" id="stock_only_warehouse_comp_rule">
            <field name="name">Warehouse only company</field>
            <field name="model_id" ref="stock.model_stock_picking_type"/>
            <field name="global" eval="True"/>
            <field name="domain_force">[('warehouse_id','=', user.warehouse_id.id)]</field>
        </record>

        <record id="stock.stock_picking_type_rule" model="ir.rule">
            <!--<field name="name">Stock Operation Type multi-companyyyyyyyyyyyyyy</field>-->
            <!--<field name="model_id" ref="stock.model_stock_picking_type"/>-->
            <!--<field name="global" eval="True"/>-->
            <!--<field name="active" eval="False"/>-->
            <field name="domain_force">[]</field>
        </record>

    </data>
</odoo>